https://zsu.hu/cikkszamkereso?s=92159,,,
https://zsu.hu/cikkszamkereso?s=921599,,,
https://zsu.hu/cikkszamkereso?s=ae311_filtr,,,
https://zsu.hu/cikkszamkereso?s=zc6965xjap,,,
https://zsu.hu/cikkszamkereso?s=3034001,,,
https://zsu.hu/cikkszamkereso?s=LEM_33034001,,,
,,,https://zsu.hu/cikkszamkereso?s=3033801
,,,https://zsu.hu/cikkszamkereso?s=LEM_3033801
,,,https://zsu.hu/cikkszamkereso?s=3033701
,,,https://zsu.hu/cikkszamkereso?s=LEM_3033701
,,,https://zsu.hu/cikkszamkereso?s=3033401
,,,https://zsu.hu/cikkszamkereso?s=LEM_3033401
,,,https://zsu.hu/cikkszamkereso?s=2188501 
,,,https://zsu.hu/cikkszamkereso?s=2191901 
,,,https://zsu.hu/cikkszamkereso?s=92159
,,,https://zsu.hu/cikkszamkereso?s=921599
,,,https://zsu.hu/cikkszamkereso?s=ae311_filtr
,,,https://zsu.hu/cikkszamkereso?s=zc6965xjap
,,,https://zsu.hu/cikkszamkereso?s=3034001
,,,https://zsu.hu/cikkszamkereso?s=LEM_33034001
,,,https://zsu.hu/cikkszamkereso?s=3033801
,,,https://zsu.hu/cikkszamkereso?s=LEM_3033801
,,,https://zsu.hu/cikkszamkereso?s=3033701
,,,https://zsu.hu/cikkszamkereso?s=LEM_3033701
,,,https://zsu.hu/cikkszamkereso?s=3033401
,,,https://zsu.hu/cikkszamkereso?s=LEM_3033401
,,,https://zsu.hu/cikkszamkereso?s=2188501 
,,,https://zsu.hu/cikkszamkereso?s=2191901 
